{
    "loss": 2.0680253505706787,
    "accuracy": 0.7566371560096741
}