{
    "loss": 0.7928926944732666,
    "accuracy": 0.9399999976158142
}