{
    "loss": 0.30966779589653015,
    "accuracy": 0.9933333396911621
}